<?xml version="1.0" encoding="utf-8"?>
<selector xmlns:android="http://schemas.android.com/apk/res/android">
    <item android:state_pressed="false">
        <shape android:shape="rectangle">
            <corners android:radius="50dp" />

            <gradient
                android:angle="45"
                android:startColor="@color/colorPrimary"
                android:centerColor="@color/semi_white"
                android:endColor="@color/colorPrimary"
                android:type="linear" />

            <padding
                android:bottom="4dp"
                android:left="4dp"
                android:right="4dp"
                android:top="4dp" />

        </shape>
    </item>
    <!-- <item android:state_pressed="true">
         <shape android:shape="rectangle">
             <corners android:radius="10dp" />
             <solid android:color="@color/white" />
             <stroke
                 android:width="0.5dp"
                 android:color="@color/colorOrange" />
             <padding
                 android:bottom="4dp"
                 android:left="4dp"
                 android:right="4dp"
                 android:top="4dp" />
         </shape>
     </item>-->
</selector>